id,player_id,team_name,start_date,end_date
76532,174987,446,01/01/1949,01/01/1971
76533,151244,902,07/01/1958,07/01/1974
76534,117372,1168,07/01/1989,07/01/1990
76535,117372,3816,03/01/1988,07/01/1989
76536,117372,529,01/01/1969,03/01/1988
76537,117619,1202,07/01/1991,07/01/1994
76538,117619,50,07/05/1985,07/01/1989
76539,117619,64,07/01/1983,07/05/1985
76540,117619,50,07/01/1971,07/01/1983
76541,135269,11,08/10/1977,07/01/1990
76542,135269,195,07/01/1969,08/10/1977
76543,135269,7369,07/01/1968,07/01/1969
76544,96182,589,07/01/1988,07/01/1990
76545,96182,35,07/01/1984,07/01/1988
76546,96182,661,02/01/1978,07/01/1984
76547,96182,171,11/01/1976,02/01/1978
76548,96182,7218,01/01/1976,11/01/1976
76549,135644,179,01/01/1981,07/01/1982
76550,135644,1052,07/01/1980,01/01/1981
76551,135644,43,07/01/1971,07/01/1980
76552,135644,2910,07/01/1969,07/01/1971
76553,135644,2322,07/01/1965,07/01/1969
76554,78388,1547,11/29/1988,07/01/1989
76555,78388,6684,07/01/1988,08/28/1988
76556,78388,3712,01/01/1986,07/01/1988
76557,78388,779,01/01/1981,01/01/1986
76558,78388,18,06/01/1980,01/01/1981
76559,78388,6658,01/01/1980,06/01/1980
76560,78388,18,07/01/1978,01/01/1980
76561,78388,779,06/30/1972,07/01/1978
76562,78388,7219,07/01/1971,06/30/1972
76563,78388,779,01/01/1971,07/01/1971
76564,215272,83,07/01/1939,07/01/1959
76565,145124,184,07/01/1977,07/01/1978
76566,145124,823,07/01/1975,07/01/1977
76567,145124,184,07/01/1961,07/01/1975
76568,38191,3760,04/22/1978,04/24/1978
76569,38191,115,07/01/1953,07/01/1972
76570,38191,1819,07/01/1951,07/01/1953
76571,38191,2099,07/01/1949,07/01/1951
76572,142153,5077,07/01/1981,07/01/1984
76573,142153,16,11/01/1978,07/01/1981
76574,142153,697,07/01/1966,11/01/1978
76575,117598,1748,07/01/1995,07/01/1998
76576,117598,17,01/31/1984,07/01/1995
76577,117598,1056,04/01/1982,01/31/1984
76578,211533,2917,07/01/1963,07/01/1977
76579,211533,7370,07/01/1962,07/01/1963
76580,211533,7220,07/01/1961,07/01/1962
76581,211533,7221,07/01/1960,07/01/1961
76582,289544,8,07/01/1953,
76583,215277,3844,09/25/1963,09/26/1963
76584,215277,181,08/01/1946,07/01/1960
76585,117377,36,11/20/1988,08/17/1990
76586,117377,271,01/01/1978,11/20/1988
76587,117377,7222,01/01/1976,01/01/1978
76588,211551,7223,09/20/1984,07/01/1985
76589,211551,7224,08/13/1984,09/20/1984
76590,211551,7225,11/10/1982,07/01/1983
76591,211551,7226,10/31/1982,11/10/1982
76592,211551,7227,03/01/1982,10/31/1982
76593,211551,7226,11/10/1981,03/01/1982
76594,211551,7228,10/31/1981,11/10/1981
76595,211551,7227,05/01/1981,10/31/1981
76596,211551,7228,03/01/1981,05/01/1981
76597,211551,7225,07/10/1978,07/01/1979
76598,211551,7371,07/01/1961,07/10/1978
76599,211551,7229,07/01/1960,07/01/1961
76600,135910,924,03/01/2002,05/01/2002
76601,135910,462,12/01/2001,03/01/2002
76602,135910,2918,07/01/2001,12/01/2001
76603,135910,1295,03/01/2001,07/01/2001
76604,135910,342,02/01/2000,08/01/2000
76605,135910,1194,07/01/1998,02/01/2000
76606,135910,71,02/01/1998,07/01/1998
76607,135910,33,12/31/1997,02/01/1998
76608,135910,489,12/01/1997,12/31/1997
76609,135910,33,02/01/1983,12/01/1997
76610,135910,521,01/01/1983,02/01/1983
76611,135910,33,07/01/1981,01/01/1983
76612,135910,372,07/01/1980,07/01/1981
76613,135910,7230,07/01/1979,07/01/1980
76614,135910,7231,06/01/1977,07/01/1979
76615,135910,1536,07/01/1974,06/01/1977
76616,118147,139,07/01/1978,07/01/1992
76617,118147,428,07/01/1974,07/01/1978
76618,197838,88,07/01/2012,
76619,197838,727,08/26/2011,07/01/2012
76620,197838,1248,07/01/2010,08/26/2011
76621,197838,5631,07/01/2003,07/01/2010
76622,132457,840,07/01/1982,07/01/1984
76623,132457,661,07/01/1980,07/01/1982
76624,132457,7232,07/01/1969,07/01/1980
76625,37647,63,08/17/2023,
76626,37647,13,01/30/2017,08/17/2023
76627,37647,53,07/01/2015,01/30/2017
76628,37647,13,07/01/2013,07/01/2015
76629,37647,85,07/01/2011,07/01/2013
76630,37647,103,07/01/2007,07/01/2011
76631,37647,148,07/01/2005,07/01/2007
76632,37647,880,07/01/2004,07/01/2005
76633,37647,7372,07/01/2003,07/01/2004
76634,37647,2890,07/01/1999,07/01/2003
76635,13556,3027,08/31/2018,04/01/2019
76636,13556,269,01/29/2018,08/31/2018
76637,13556,1037,08/11/2016,01/29/2018
76638,13556,7233,02/21/2016,08/11/2016
76639,13556,649,02/03/2015,02/21/2016
76640,13556,943,07/26/2012,02/03/2015
76641,13556,33,07/01/2004,07/26/2012
76642,13556,269,07/01/1997,07/01/2004
76643,13556,1783,07/01/1996,07/01/1997
76644,101754,812,07/01/1976,07/01/1977
76645,101754,2086,07/01/1975,07/01/1976
76646,101754,43,07/01/1959,07/01/1975
76647,127029,536,07/01/1983,07/01/1988
76648,127029,902,07/01/1972,07/01/1983
76649,128995,44,07/01/1980,07/01/1984
76650,128995,13,10/18/1972,07/01/1980
76651,128995,399,07/01/1969,10/18/1972
76652,143321,2005,07/01/1982,07/01/1984
76653,143321,279,07/01/1979,07/01/1982
76654,143321,2005,07/01/1968,07/01/1979
76655,143321,891,07/01/1967,07/01/1968
76656,143321,2005,07/01/1963,07/01/1967
76657,107149,2061,07/01/1995,07/01/1998
76658,107149,235,07/01/1990,07/01/1995
76659,107149,1,09/10/1988,07/01/1990
76660,107149,529,01/01/1983,09/10/1988
76661,107149,4372,12/31/1981,01/01/1983
76662,107149,7373,12/01/1979,12/31/1981
76663,107149,4372,07/01/1977,12/01/1979
76664,137459,4,07/01/1960,07/01/1962
76665,137459,2,07/01/1954,07/01/1960
76666,137459,77,07/01/1943,07/01/1954
76667,136481,3039,01/01/1956,01/01/1963
76668,136481,2995,07/01/1950,01/01/1955
76669,136481,7234,08/01/1947,07/01/1950
76670,136481,7235,07/01/1943,08/01/1947
76671,54432,7236,08/21/2017,07/01/2018
76672,54432,7237,09/08/2016,08/21/2017
76673,54432,7238,06/30/2016,09/08/2016
76674,54432,7239,03/08/2016,06/30/2016
76675,54432,7238,08/20/2015,03/08/2016
76676,54432,7240,01/01/2013,07/01/2013
76677,54432,1873,05/01/2010,01/01/2012
76678,54432,2683,01/31/2010,05/01/2010
76679,54432,204,08/31/2009,01/31/2010
76680,54432,279,12/31/2008,08/31/2009
76681,54432,2689,07/01/2008,12/31/2008
76682,54432,279,06/30/2008,07/01/2008
76683,54432,7241,01/29/2008,06/30/2008
76684,54432,279,07/01/2007,01/29/2008
76685,26802,7242,11/01/2020,10/01/2021
76686,26802,1010,09/19/2019,01/09/2020
76687,26802,473,07/05/2017,07/01/2019
76688,26802,1546,06/30/2017,07/05/2017
76689,26802,1225,08/31/2016,06/30/2017
76690,26802,1546,07/08/2015,08/31/2016
76691,26802,678,07/06/2012,07/08/2015
76692,26802,56,06/30/2012,07/06/2012
76693,26802,678,09/10/2011,06/30/2012
76694,26802,56,08/31/2010,09/10/2011
76695,26802,110,07/14/2008,08/31/2010
76696,26802,72,06/30/2006,07/14/2008
76697,26802,150,07/01/2004,06/30/2006
76698,26802,72,07/01/2003,07/01/2004
76699,75999,779,07/01/1950,09/01/1964
76700,75999,7243,07/01/1946,07/01/1950
76701,108704,1207,01/01/1988,01/01/1989
76702,108704,281,07/01/1974,07/01/1984
76703,108704,407,01/01/1966,07/01/1974
76704,130986,430,07/01/1982,07/01/1983
76705,130986,671,07/01/1980,07/01/1982
76706,130986,3074,07/01/1976,07/01/1980
76707,130986,96,07/01/1968,07/01/1976
76708,130986,199,07/01/1965,07/01/1968
76709,130986,4844,07/01/1961,07/01/1965
76710,76003,1943,07/01/1987,07/01/1990
76711,76003,149,07/01/1983,07/01/1987
76712,76003,167,07/01/1978,07/01/1983
76713,76003,3993,07/01/1974,07/01/1978
76714,76003,7244,07/01/1973,07/01/1974
76715,27972,348,07/23/1999,07/01/2000
76716,27972,37,05/31/1999,07/23/1999
76717,27972,47,01/25/1999,05/31/1999
76718,27972,37,08/10/1994,01/25/1999
76719,27972,43,07/01/1992,08/10/1994
76720,27972,364,07/01/1989,07/01/1992
76721,27972,348,07/01/1985,07/01/1989
76722,135784,1286,07/01/1983,01/01/1985
76723,135784,1,06/30/1970,07/01/1983
76724,135784,207,07/01/1969,06/30/1970
76725,5485,141,10/19/2012,01/17/2013
76726,5485,53,08/30/2011,07/01/2012
76727,5485,279,07/13/2010,08/30/2011
76728,5485,120,07/01/2007,07/13/2010
76729,5485,47,07/01/2004,07/01/2007
76730,5485,123,01/07/2002,07/01/2004
76731,5485,257,02/01/2001,01/07/2002
76732,5485,4340,01/31/2001,02/01/2001
76733,5485,632,07/10/2000,01/31/2001
76734,5485,4340,05/19/2000,07/10/2000
76735,237384,7245,07/01/1967,07/01/1969
76736,237384,7246,01/01/1952,07/01/1967
76737,237384,7247,07/01/1950,01/01/1952
76738,237384,7246,01/01/1950,07/01/1950
76739,237384,7248,01/01/1949,01/01/1950
76740,237384,7247,07/01/1945,01/01/1949
76741,141046,2137,07/01/1985,07/01/1986
76742,141046,3425,07/01/1983,07/01/1985
76743,141046,816,07/01/1982,07/01/1983
76744,141046,661,07/01/1975,07/01/1982
76745,141046,2162,07/01/1963,07/01/1975
76746,141046,4951,01/01/1962,07/01/1963
76747,234580,1489,07/01/1963,
76748,234580,2111,07/01/1961,07/01/1963
76749,234580,1489,07/01/1959,07/01/1961
76750,141964,3718,07/01/1982,07/01/1984
76751,141964,296,07/01/1981,07/01/1982
76752,141964,3455,07/01/1978,07/01/1981
76753,141964,3718,07/01/1972,07/01/1978
76754,141964,697,07/01/1970,07/01/1972
76755,141964,1867,07/01/1967,07/01/1970
76756,216051,7249,01/01/1971,01/01/1972
76757,216051,446,01/01/1959,01/01/1971
76758,216051,2677,01/01/1957,01/01/1959
76759,22412,50,01/29/2018,04/29/2018
76760,22412,5,08/19/2014,11/28/2017
76761,22412,80,07/26/2014,08/19/2014
76762,22412,537,02/14/2014,07/26/2014
76763,22412,80,08/29/2012,02/14/2014
76764,22412,3,06/30/2005,08/29/2012
76765,22412,97,01/02/2005,06/30/2005
76766,22412,3,01/01/2005,01/02/2005
76767,22412,50,01/01/2000,01/01/2005
76768,22412,5783,01/01/1998,01/01/2000
76769,118167,7250,07/01/1994,07/01/1995
76770,118167,237,07/01/1990,07/01/1994
76771,118167,85,07/01/1986,07/01/1990
76772,118167,43,07/01/1982,07/01/1986
76773,118167,428,07/01/1977,07/01/1982
76774,10000,67,07/01/2002,07/01/2004
76775,10000,166,07/01/1993,07/01/2002
76776,10000,25,07/01/1992,07/01/1993
76777,10000,67,07/01/1983,07/01/1992
76778,289572,661,07/01/1971,07/01/1974
76779,289572,3052,07/01/1968,07/01/1971
76780,289572,43,11/01/1954,07/01/1968
76781,97870,614,07/01/1975,07/01/1976
76782,97870,695,01/01/1973,01/01/1974
76783,97870,786,01/01/1971,01/01/1973
76784,97870,996,07/01/1969,01/01/1971
76785,97870,715,07/01/1968,07/01/1969
76786,97870,353,01/01/1968,07/01/1968
76787,97870,5359,08/04/1967,01/01/1968
76788,97870,432,07/01/1966,08/04/1967
76789,97870,184,03/06/1955,07/01/1966
76790,215698,7251,07/01/1976,07/01/1977
76791,215698,7252,07/01/1973,07/01/1976
76792,215698,2370,07/01/1972,07/01/1973
76793,215698,2137,07/01/1969,07/01/1972
76794,215698,7374,07/01/1960,07/01/1969
76795,215698,4182,07/01/1958,07/01/1960
76796,215698,7253,07/01/1957,07/01/1958
76797,237754,3039,08/01/1972,07/01/1974
76798,237754,7371,01/01/1957,08/01/1972
76799,237754,7375,12/01/1956,01/01/1957
76800,181147,4228,07/01/1975,07/01/1978
76801,181147,199,07/01/1972,07/01/1975
76802,181147,96,07/01/1961,07/01/1972
76803,181147,7254,12/01/1957,07/01/1961
76804,212747,324,11/25/1978,07/01/1981
76805,212747,147,09/23/1976,11/25/1978
76806,212747,52,07/01/1959,09/23/1976
76807,130302,53,07/01/1967,07/01/1984
76808,133796,6837,07/01/1986,07/01/1987
76809,133796,2340,07/01/1983,07/01/1986
76810,133796,7255,07/01/1982,07/01/1983
76811,133796,513,01/01/1973,07/01/1982
76812,133796,5772,07/01/1972,01/01/1973
76813,130072,7256,07/01/1986,07/01/1992
76814,130072,1964,07/01/1984,07/01/1986
76815,130072,96,01/01/1984,07/01/1984
76816,130072,644,01/01/1983,01/01/1984
76817,130072,2917,07/01/1971,01/01/1983
76818,130072,7257,07/01/1969,07/01/1971
76819,70537,171,07/01/1986,07/01/1989
76820,70537,43,07/01/1980,07/01/1986
76821,70537,2086,07/01/1976,07/01/1980
76822,70537,413,07/01/1972,07/01/1976
76823,70537,7258,01/01/1970,07/01/1972
76824,101040,131,07/01/1991,07/01/1996
76825,101040,25,08/13/1990,07/01/1991
76826,101040,529,07/01/1981,08/13/1990
76827,584,127,07/01/1995,07/01/2003
76828,584,26,01/01/1991,07/01/1995
76829,584,7376,07/01/1982,01/01/1991
76830,215716,303,07/01/1970,07/01/1973
76831,215716,96,07/01/1966,07/01/1970
76832,215716,170,07/01/1958,07/01/1966
76833,174158,2,07/01/1949,07/01/1961
76834,174158,547,07/01/1946,07/01/1949
76835,174158,3577,07/01/1943,07/01/1946
76836,142892,7259,07/01/1965,07/01/1981
76837,60800,7260,07/01/1991,07/01/1993
76838,60800,7261,07/01/1989,07/01/1991
76839,60800,7262,07/01/1987,07/01/1989
76840,60800,6659,07/01/1985,07/01/1987
76841,60800,779,07/01/1980,07/01/1985
76842,60800,7377,07/01/1967,07/01/1980
76843,96198,651,07/01/1986,07/01/1991
76844,96198,648,07/01/1985,07/01/1986
76845,96198,257,01/01/1985,07/01/1985
76846,96198,44,07/01/1982,01/01/1985
76847,96198,127,07/01/1981,07/01/1982
76848,96198,171,07/01/1973,07/01/1981
76849,96198,651,07/01/1972,07/01/1973
76850,237804,2093,07/01/1947,07/01/1964
76851,216052,1777,07/01/1959,07/01/1972
76852,95133,7263,07/01/1991,07/01/1992
76853,95133,7264,01/01/1990,07/01/1991
76854,95133,7265,07/01/1987,01/01/1990
76855,95133,7263,07/01/1985,07/01/1987
76856,95133,7266,07/01/1982,07/01/1985
76857,95133,1457,07/01/1980,07/01/1982
76858,95133,27,07/01/1977,07/01/1980
76859,95133,101,07/01/1975,07/01/1977
76860,95133,260,07/01/1974,07/01/1975
76861,95133,748,07/01/1965,07/01/1974
76862,135088,4598,07/01/1982,07/01/1983
76863,135088,921,07/01/1980,07/01/1982
76864,135088,18,07/01/1970,07/01/1980
76865,135088,215,07/01/1967,07/01/1970
76866,135088,4793,07/01/1966,07/01/1967
76867,135637,6630,07/01/1989,07/01/1992
76868,135637,1939,07/01/1988,07/01/1989
76869,135637,1447,08/24/1985,07/01/1988
76870,135637,2124,07/01/1984,08/24/1985
76871,135637,3230,07/15/1983,07/01/1984
76872,135637,23,07/01/1973,07/15/1983
76873,135637,1497,07/01/1970,07/01/1973
76874,135084,190,07/01/1974,07/01/1989
76875,135084,3317,07/01/1972,07/01/1974
76876,102705,767,07/01/1991,07/01/1992
76877,102705,15,08/01/1982,07/01/1991
76878,102705,292,01/01/1982,08/01/1982
76879,102705,1067,07/01/1973,01/01/1982
76880,215697,7267,07/01/1973,07/01/1977
76881,215697,6658,01/01/1969,07/01/1973
76882,215697,7268,07/01/1965,07/01/1966
76883,215697,1092,01/01/1955,07/01/1965
76884,76008,536,07/01/1961,07/01/1962
76885,76008,25,07/01/1956,07/01/1961
76886,76008,536,07/01/1947,07/01/1956
76887,6102,39,07/23/1998,07/01/2009
76888,6102,664,07/01/1995,07/23/1998
76889,6102,556,07/08/1994,07/01/1995
76890,176222,71,12/01/1966,07/01/1967
76891,176222,8,12/01/1957,12/01/1966
76892,176222,324,10/01/1952,12/01/1957
76893,176222,7269,07/01/1951,10/01/1952
76894,328,397,01/01/2002,07/01/2002
76895,328,115,09/24/1997,01/01/2002
76896,328,52,07/01/1995,09/24/1997
76897,328,167,06/30/1995,07/01/1995
76898,328,52,01/10/1995,06/30/1995
76899,328,167,07/01/1990,01/10/1995
76900,328,648,07/01/1988,07/01/1990
76901,328,7270,01/01/1986,07/01/1988
76902,72351,27,03/31/1979,04/01/1979
76903,72351,259,11/01/1978,03/31/1979
76904,72351,27,07/01/1970,11/01/1978
76905,151247,3710,01/01/1952,01/01/1967
76906,286,101,07/01/2001,03/01/2003
76907,286,44,07/01/2000,07/01/2001
76908,286,101,07/01/1996,07/01/2000
76909,286,96,07/01/1991,07/01/1996
76910,286,364,07/01/1988,07/01/1991
76911,286,430,07/01/1987,07/01/1988
76912,117633,711,09/11/1989,01/01/1990
76913,117633,61,10/14/1988,09/11/1989
76914,117633,50,09/10/1985,03/17/1987
76915,117633,24,06/16/1984,09/10/1985
76916,117633,40,08/04/1978,06/16/1984
76917,117633,711,01/01/1973,08/04/1978
76918,97912,203,01/01/1990,07/01/1996
76919,97912,57,07/01/1988,01/01/1990
76920,97912,167,07/01/1986,07/01/1988
76921,97912,2017,07/01/1980,07/01/1986
76922,97912,697,07/01/1978,07/01/1980
76923,97912,2017,07/01/1976,07/01/1978
76924,215694,7378,01/01/1966,07/01/1968
76925,215694,2917,01/01/1952,01/01/1966
76926,215775,1025,01/01/1963,01/01/1972
76927,215775,3710,01/01/1956,01/01/1963
76928,215775,7271,01/01/1955,01/01/1956
76929,129715,6658,07/01/1966,07/01/1969
76930,129715,536,07/01/1958,07/01/1966
76931,176910,154,08/01/1974,07/01/1976
76932,176910,16,10/01/1967,08/01/1974
76933,176910,104,07/01/1961,10/01/1967
76934,165363,240,01/01/1980,07/01/1980
76935,165363,279,07/01/1978,01/01/1980
76936,165363,240,07/01/1959,07/01/1978
76937,94086,115,07/01/1965,07/01/1973
76938,94086,101,07/01/1960,07/01/1965
76939,211556,7272,01/01/1981,07/01/1981
76940,211556,7228,01/01/1979,01/01/1981
76941,211556,2476,07/01/1976,01/01/1979
76942,211556,7371,01/01/1965,07/01/1976
76943,178157,3120,07/01/1975,01/01/1977
76944,178157,1025,01/01/1961,07/01/1975
76945,244803,721,07/01/1973,07/01/1977
76946,244803,913,05/01/1973,07/01/1973
76947,244803,67,12/01/1971,05/01/1973
76948,244803,195,07/01/1961,12/01/1971
76949,229539,414,08/01/1982,07/01/1984
76950,229539,324,11/01/1981,08/01/1982
76951,229539,624,08/01/1979,11/01/1981
76952,229539,414,07/01/1978,08/01/1979
76953,229539,73,03/01/1975,07/01/1978
76954,229539,52,07/01/1962,03/01/1975
76955,142901,653,07/01/1964,07/01/1978
76956,141759,158,07/01/1983,07/01/1984
76957,141759,1074,07/01/1981,07/01/1983
76958,141759,632,07/01/1979,07/01/1981
76959,141759,90,07/01/1975,07/01/1979
76960,141759,405,07/01/1966,07/01/1975
76961,142684,2124,08/01/1985,07/01/1986
76962,142684,8,02/01/1978,08/01/1985
76963,142684,52,07/01/1972,02/01/1978
76964,142684,791,07/01/1970,07/01/1972
76965,133002,7273,07/01/1986,07/01/1996
76966,133002,7274,07/01/1983,07/01/1986
76967,133002,7275,01/01/1983,07/01/1983
76968,133002,1092,07/01/1972,01/01/1983
76969,133002,7046,07/01/1969,07/01/1972
76970,128983,2092,07/01/1985,07/01/1987
76971,128983,15,07/01/1983,07/01/1985
76972,128983,103,07/01/1972,07/01/1983
76973,141758,1299,07/01/1985,07/01/1987
76974,141758,15,07/01/1978,07/01/1985
76975,141758,103,07/01/1973,07/01/1978
76976,132985,7276,07/01/1992,07/01/1993
76977,132985,7277,07/01/1988,07/01/1992
76978,132985,301,01/01/1986,07/01/1988
76979,132985,2917,07/01/1975,01/01/1986
76980,132985,7278,07/01/1974,07/01/1975
76981,102301,240,07/01/1997,07/01/1998
76982,102301,279,07/01/1994,07/01/1996
76983,102301,240,07/01/1984,07/01/1994
76984,102301,710,07/01/1977,07/01/1984
76985,117378,529,07/01/1992,01/01/1993
76986,117378,2017,07/01/1991,07/01/1992
76987,117378,1038,01/01/1991,07/01/1991
76988,117378,529,01/01/1979,01/01/1991
76989,117378,1203,01/01/1976,01/01/1979
76990,101021,7279,01/01/1995,07/01/1995
76991,101021,733,07/24/1994,01/01/1995
76992,101021,131,07/01/1990,07/24/1994
76993,101021,529,01/01/1983,07/01/1990
76994,13804,149,03/01/1995,07/01/1995
76995,13804,149,01/01/1987,07/01/1994
76996,13804,424,04/01/1983,01/01/1987
76997,3526,2726,10/20/2005,07/01/2006
76998,3526,742,07/31/2004,11/30/2004
76999,3526,32,07/01/1998,07/31/2004
77000,3526,25,01/01/1998,07/01/1998
77001,3526,10,07/01/1992,01/01/1998
77002,3526,246,07/01/1989,07/01/1992
77003,3526,176,06/30/1988,07/01/1989
77004,3526,782,07/01/1987,06/30/1988
77005,3526,176,07/01/1986,07/01/1987
77006,3526,2225,07/01/1984,07/01/1986
77007,742320,7280,05/10/2022,
77008,742320,1931,09/24/2019,05/10/2022
77009,156145,7379,07/01/1967,12/31/1967
77010,156145,459,07/01/1965,02/08/1967
77011,156145,647,07/01/1963,07/01/1965
77012,156145,18,07/01/1950,07/01/1961
77013,156145,409,07/01/1949,01/01/1950
77014,156145,1777,04/01/1948,01/01/1949
77015,156145,7380,07/01/1946,04/01/1948
77016,156145,902,07/01/1945,07/01/1946
77017,181881,131,07/01/1969,07/01/1970
77018,181881,67,07/01/1967,07/01/1969
77019,181881,56,07/01/1965,07/01/1967
77020,181881,131,07/01/1960,07/01/1965
77021,181881,4032,12/01/1957,07/01/1960
77022,233763,529,01/01/1964,01/01/1974
77023,245244,7281,07/01/1966,07/01/1971
77024,245244,90,07/01/1964,07/01/1966
77025,245244,303,07/01/1957,07/01/1964
77026,245244,7282,07/01/1950,07/01/1957
77027,9867,305,07/01/2005,07/01/2007
77028,9867,32,07/16/2004,07/01/2005
77029,9867,279,07/01/2000,07/16/2004
77030,9867,88,07/01/1997,07/01/2000
77031,9867,305,12/14/1992,07/01/1997
77032,9867,906,07/01/1988,12/14/1992
77033,171148,18,07/01/1947,07/01/1961
77034,171148,111,07/01/1946,07/01/1947
77035,171148,1775,07/01/1944,07/01/1946
77036,171148,1595,07/01/1942,07/01/1944
77037,247015,6479,07/01/1968,07/01/1969
77038,247015,152,07/01/1965,07/01/1968
77039,247015,191,08/01/1962,07/01/1965
77040,247015,37,10/01/1958,08/01/1962
77041,247015,152,07/01/1949,10/01/1958
77042,247015,462,07/01/1948,07/01/1949
77043,215778,271,01/01/1966,01/01/1967
77044,215778,7373,05/18/1961,01/01/1966
77045,215778,505,01/01/1961,05/18/1961
77046,215778,7283,01/01/1959,01/01/1961
77047,142691,154,12/01/1982,07/01/1984
77048,142691,136,09/01/1982,12/01/1982
77049,142691,141,07/01/1979,01/01/1982
77050,142691,67,09/01/1977,07/01/1979
77051,142691,154,07/01/1970,09/01/1977
77052,142691,181,07/01/1967,07/01/1970
77053,142691,791,07/01/1964,07/01/1967
77054,213704,6572,07/01/1978,07/01/1983
77055,213704,7284,07/01/1975,07/01/1978
77056,213704,513,07/01/1965,07/01/1975
77057,213704,7285,07/01/1964,07/01/1965
77058,127708,670,01/01/1981,01/01/1982
77059,127708,1152,01/01/1979,01/01/1981
77060,127708,281,07/01/1973,07/01/1978
77061,127708,1198,01/01/1970,07/01/1973
77062,127708,1152,01/01/1966,01/01/1970
77063,84173,329,07/01/1984,07/01/1988
77064,84173,171,07/01/1981,07/01/1984
77065,84173,101,07/01/1970,07/01/1981
77066,84173,353,07/01/1968,07/01/1970
77067,84173,7286,07/01/1966,07/01/1968
77068,84173,7287,07/01/1964,07/01/1966
77069,84173,7288,07/01/1961,07/01/1964
77070,122150,2102,07/01/1992,07/01/1993
77071,122150,7289,07/01/1991,07/01/1992
77072,122150,772,07/01/1990,07/01/1991
77073,122150,966,07/01/1988,07/01/1990
77074,122150,2102,07/01/1974,07/01/1988
77075,215424,4145,07/01/1953,07/01/1965
77076,215424,441,07/01/1952,07/01/1953
77077,215424,4145,07/01/1941,07/01/1952
77078,247858,1,07/01/1946,07/01/1961
77079,246959,1093,07/01/1965,07/01/1969
77080,246959,645,07/01/1961,01/01/1962
77081,246959,173,07/01/1951,07/01/1961
77082,246959,7290,07/01/1950,07/01/1951
77083,246959,173,07/01/1948,07/01/1950
77084,237395,7381,01/01/1966,01/01/1968
77085,237395,7291,01/01/1955,01/01/1966
77086,237395,7381,01/01/1950,01/01/1955
77087,76000,6658,07/01/1949,01/01/1967
77088,95568,715,07/01/1965,07/01/1966
77089,95568,1621,07/01/1963,07/01/1965
77090,95568,522,07/01/1961,07/01/1963
77091,95568,27,07/01/1960,07/01/1961
77092,95568,715,07/01/1958,07/01/1960
77093,95568,170,07/01/1952,07/01/1958
77094,216068,6044,07/01/1971,07/01/1972
77095,216068,7371,07/01/1961,07/01/1971
77096,216068,2118,07/01/1958,07/01/1961
77097,212756,2590,05/01/1986,10/01/1986
77098,212756,7292,07/01/1985,05/01/1986
77099,212756,52,07/01/1983,07/01/1985
77100,212756,1402,05/01/1983,07/01/1983
77101,212756,4016,01/01/1983,05/01/1983
77102,212756,1402,01/01/1981,01/01/1983
77103,212756,1286,01/01/1980,01/01/1981
77104,212756,1295,07/01/1979,01/01/1980
77105,212756,1286,01/01/1979,07/01/1979
77106,212756,52,09/01/1971,01/01/1979
77107,212756,4231,07/01/1971,09/01/1971
77108,212756,52,07/01/1962,07/01/1971
77109,96268,7382,10/01/1979,07/01/1981
77110,96268,1180,07/01/1979,10/01/1979
77111,96268,30,07/01/1977,07/01/1979
77112,96268,651,07/01/1971,07/01/1977
77113,96268,30,07/01/1965,07/01/1971
77114,96268,651,07/01/1963,07/01/1965
77115,88997,1038,07/01/1966,07/01/1979
77116,142148,928,07/01/1980,07/01/1983
77117,142148,2162,07/01/1967,07/01/1980
77118,145122,974,07/01/1978,07/01/1984
77119,145122,184,07/01/1970,07/01/1978
77120,145122,1782,07/01/1969,07/01/1970
77121,131532,7294,01/01/1989,07/01/1990
77122,131532,1025,01/01/1977,01/01/1989
77123,131532,3120,01/01/1973,01/01/1977
77124,117376,1025,07/01/1974,01/01/1988
77125,242960,7295,07/01/2017,
77126,242960,7296,07/01/2014,07/01/2017
77127,101104,1636,07/01/1999,01/01/2000
77128,101104,161,01/01/1999,07/01/1999
77129,101104,7197,01/01/1998,01/01/1999
77130,101104,161,07/01/1989,01/01/1998
77131,101104,1636,01/01/1978,07/01/1989
77132,88998,932,07/01/2001,01/01/2002
77133,88998,7197,05/01/1999,07/01/2001
77134,88998,2297,01/01/1998,05/01/1999
77135,88998,7197,01/01/1996,01/01/1998
77136,88998,1357,01/01/1993,01/01/1996
77137,88998,805,07/01/1992,01/01/1993
77138,88998,111,07/01/1990,07/01/1992
77139,88998,187,07/01/1988,07/01/1990
77140,88998,825,01/01/1985,07/01/1988
77141,88998,786,01/01/1984,01/01/1985
77142,117395,214,12/01/1992,01/01/1994
77143,117395,529,07/01/1982,12/01/1992
77144,117395,838,01/01/1981,07/01/1982
77145,101745,109,07/01/1996,07/01/1997
77146,101745,43,07/01/1994,07/01/1996
77147,101745,45,07/01/1990,07/01/1994
77148,101745,43,07/01/1982,07/01/1990
77149,22416,7297,07/01/2000,07/01/2001
77150,22416,6854,01/01/2000,07/01/2000
77151,22416,146,07/01/1998,01/01/2000
77152,22416,171,07/01/1993,07/01/1998
77153,22416,140,07/01/1992,07/01/1993
77154,22416,772,07/01/1991,07/01/1992
77155,22416,36,07/01/1988,07/01/1991
77156,22416,28,07/01/1987,07/01/1988
77157,22416,536,06/30/1982,07/01/1987
77158,22416,7272,01/01/1982,06/30/1982
77159,22416,536,07/01/1981,01/01/1982
77160,530,284,02/01/2004,01/01/2005
77161,530,779,01/06/2002,07/01/2003
77162,530,149,07/01/1996,01/06/2002
77163,530,27,07/01/1995,07/01/1996
77164,530,149,07/01/1992,07/01/1995
77165,530,779,06/30/1988,07/01/1992
77166,530,6658,01/01/1988,06/30/1988
77167,530,779,07/01/1986,01/01/1988
77168,530,2427,07/01/1984,07/01/1986
77169,90,130,07/01/1999,07/01/2009
77170,90,167,07/01/1998,07/01/1999
77171,90,1036,07/01/1993,07/01/1998
77172,90,4831,07/01/1991,07/01/1993
77173,90,4832,07/01/1989,07/01/1991
77174,90,7298,07/01/1987,07/01/1989
77175,90,7299,07/01/1983,07/01/1987
77176,279,101,07/01/1999,07/01/2006
77177,279,268,07/01/1992,07/01/1999
77178,4149,1442,01/01/2012,07/01/2012
77179,4149,7300,07/01/2011,01/01/2012
77180,4149,3615,04/01/2008,01/01/2011
77181,4149,2285,07/01/2007,04/01/2008
77182,4149,881,07/01/2006,07/01/2007
77183,4149,120,01/04/2006,07/01/2006
77184,4149,240,01/31/2001,01/04/2006
77185,4149,2983,07/01/1997,01/31/2001
77186,2816,4730,01/26/2015,12/31/2015
77187,2816,996,01/21/2014,05/23/2014
77188,2816,1258,01/31/2012,01/21/2014
77189,2816,6833,01/03/2011,01/31/2012
77190,2816,134,07/27/2010,01/03/2011
77191,2816,1258,08/11/2009,07/27/2010
77192,2816,23,08/30/2006,08/11/2009
77193,2816,1258,02/09/2005,08/30/2006
77194,2816,1066,07/20/2004,02/09/2005
77195,2816,2684,01/12/2004,07/20/2004
77196,2816,4730,02/18/2003,01/12/2004
77197,2816,2221,01/01/1998,02/18/2003
77198,6069,1702,07/11/2019,02/01/2023
77199,6069,1640,01/08/2017,07/11/2019
77200,6069,1617,02/28/2010,01/08/2017
77201,6069,76,07/01/2009,02/28/2010
77202,6069,195,07/01/2005,07/01/2009
77203,6069,105,07/03/2002,07/01/2005
77204,6069,1436,02/01/1997,07/03/2002
77205,584750,1827,01/01/1939,07/01/1939
77206,584750,355,07/01/1937,01/01/1939
77207,584750,33,07/01/1925,07/01/1937
77208,584750,454,07/01/1923,07/01/1925
77209,289917,7301,07/01/1948,07/01/1960
77210,289917,7302,01/01/1946,07/01/1948
77211,289917,7247,07/01/1938,01/01/1946
77212,153131,2060,07/01/1962,07/01/1963
77213,153131,103,07/01/1960,07/01/1962
77214,153131,749,07/01/1957,07/01/1960
77215,153131,103,07/01/1955,07/01/1957
77216,153131,1621,07/01/1953,07/01/1955
77217,153131,103,01/01/1951,07/01/1953
77218,153131,2060,07/01/1944,01/01/1951
77219,246956,3518,01/01/1962,07/01/1964
77220,246956,522,07/01/1954,10/30/1961
77221,246956,303,07/01/1944,07/01/1954
77222,137659,3345,07/01/1962,07/01/1964
77223,137659,25,07/01/1961,07/01/1962
77224,137659,701,07/01/1950,07/01/1961
77225,246926,1198,07/01/1961,01/01/1966
77226,246926,210,01/01/1956,07/01/1961
77227,246926,547,01/01/1947,01/01/1956
77228,290303,1504,07/01/1968,07/01/1969
77229,290303,1139,07/01/1966,07/01/1968
77230,290303,36,07/01/1950,07/01/1966
77231,237799,7378,07/01/1966,07/01/1967
77232,237799,2917,07/01/1951,07/01/1966
77233,237799,7303,07/01/1947,07/01/1951
77234,291863,2446,07/01/1963,07/01/1965
77235,291863,148,07/01/1961,07/01/1962
77236,291863,816,07/01/1960,07/01/1961
77237,291863,522,07/01/1952,07/01/1960
77238,291863,205,07/01/1947,07/01/1952
77239,129718,536,01/01/1952,07/01/1963
77240,129718,7304,01/01/1944,01/01/1952
77241,182008,1112,07/01/1964,01/01/1966
77242,182008,4,07/01/1962,07/01/1964
77243,182008,1112,07/01/1959,07/01/1962
77244,182008,247,04/01/1955,07/01/1959
77245,182008,1112,06/01/1949,04/01/1955
77246,182008,6384,01/01/1948,06/01/1949
77247,215776,271,01/01/1949,01/01/1967
77248,215776,4392,01/01/1948,01/01/1949
77249,247111,320,07/01/1965,07/01/1967
77250,247111,71,07/01/1962,07/01/1965
77251,247111,173,03/01/1950,07/01/1962
77252,247111,2586,07/01/1949,03/01/1950
77253,215281,8,03/01/1953,
77254,215281,253,07/01/1949,03/01/1953
77255,215780,529,01/01/1956,01/01/1965
77256,215780,7383,01/01/1951,01/01/1956
77257,247039,7384,07/01/1950,07/01/1964
77258,322995,7385,07/01/1957,07/01/1963
77259,137255,69,06/14/1958,02/13/1967
77260,137255,24,07/19/1955,06/14/1958
77261,137255,278,02/15/1951,07/19/1955
77262,137255,872,01/01/1950,02/15/1951
77263,246949,1621,07/01/1959,07/01/1963
77264,246949,62,07/01/1952,07/01/1959
77265,215723,5359,07/01/1968,01/01/1969
77266,215723,5875,01/01/1967,07/01/1968
77267,215723,313,07/01/1964,01/01/1967
77268,215723,715,07/01/1962,07/01/1964
77269,215723,4291,07/01/1955,07/01/1962
77270,215723,3188,07/01/1951,07/01/1955
77271,215719,5359,01/01/1967,01/01/1968
77272,215719,184,07/01/1962,01/01/1967
77273,215719,79,07/01/1961,07/01/1962
77274,215719,184,01/01/1951,07/01/1961
77275,237693,7305,07/01/1969,07/01/1971
77276,237693,2044,07/01/1967,07/01/1969
77277,237693,477,07/01/1966,07/01/1967
77278,237693,313,07/01/1965,07/01/1966
77279,237693,441,07/01/1963,07/01/1965
77280,237693,1621,01/01/1961,07/01/1963
77281,237693,13,07/01/1958,01/01/1961
77282,237693,382,07/01/1957,07/01/1958
77283,237693,441,07/01/1955,07/01/1957
77284,237693,7386,07/01/1954,07/01/1955
77285,237693,441,07/01/1951,07/01/1954
77286,247056,766,01/01/1957,07/01/1960
77287,247056,2917,07/01/1952,01/01/1957
77288,179149,3712,11/01/1964,01/01/1969
77289,179149,536,07/01/1964,11/01/1964
77290,179149,3712,01/01/1953,07/01/1964
77291,291364,1123,07/01/1967,07/01/1969
77292,291364,103,07/01/1963,07/01/1967
77293,291364,442,07/01/1961,07/01/1963
77294,291364,669,07/01/1957,07/01/1961
77295,291364,44,07/01/1952,07/01/1957
77296,293425,2917,07/01/1959,07/01/1964
77297,245257,24,07/01/1955,07/01/1961
77298,245257,425,01/01/1953,07/01/1955
77299,245257,74,01/01/1951,01/01/1953
77300,215691,1256,07/01/1968,07/01/1970
77301,215691,7387,07/01/1956,07/01/1968
77302,215691,4182,07/01/1953,07/01/1956
77303,91924,39,07/25/1962,08/23/1969
77304,91924,494,07/10/1961,07/25/1962
77305,91924,39,07/11/1955,07/10/1961
77306,91924,7306,07/01/1954,07/11/1955
77307,215774,7388,01/01/1970,01/01/1971
77308,215774,1025,01/01/1954,01/01/1970
77309,167090,1798,07/01/1968,01/01/1970
77310,167090,2552,07/01/1965,07/01/1968
77311,167090,1798,01/01/1958,07/01/1965
77312,235941,32,07/01/1954,07/01/1968
77313,135590,1636,07/01/1968,01/01/1974
77314,135590,749,07/01/1965,07/01/1968
77315,135590,459,07/01/1964,07/01/1965
77316,237386,1489,07/01/1969,
77317,237386,2662,01/01/1969,07/01/1969
77318,237386,2620,07/01/1956,01/01/1969
77319,251166,7307,12/01/1987,12/01/1990
77320,251166,7308,12/01/1986,12/01/1987
77321,251166,2162,12/01/1975,01/01/1978
77322,251166,816,12/01/1974,12/01/1975
77323,251166,2162,12/01/1962,12/01/1974
77324,97653,7309,07/01/1972,07/01/1973
77325,97653,6658,07/01/1971,07/01/1972
77326,97653,353,07/01/1970,07/01/1971
77327,97653,219,07/01/1968,07/01/1970
77328,97653,5359,01/01/1968,07/01/1968
77329,97653,4599,04/01/1967,01/01/1968
77330,97653,3780,07/01/1966,04/01/1967
77331,97653,2531,07/01/1965,07/01/1966
77332,97653,536,07/01/1961,07/01/1965
77333,97653,1285,07/01/1957,07/01/1961
77334,215706,103,06/01/1975,07/01/1975
77335,215706,103,07/01/1957,07/01/1972
77336,165366,92,01/01/1972,07/01/1972
77337,165366,199,07/01/1970,01/01/1972
77338,165366,92,07/01/1959,07/01/1970
77339,215972,1067,07/01/1961,07/01/1971
77340,215972,1811,07/01/1960,07/01/1961
77341,176910,154,08/01/1974,07/01/1976
77342,176910,16,10/01/1967,08/01/1974
77343,176910,104,07/01/1961,10/01/1967
77344,215974,169,07/01/1976,07/01/1978
77345,215974,816,07/01/1975,07/01/1976
77346,215974,669,07/01/1972,07/01/1975
77347,215974,169,08/31/1970,07/01/1972
77348,215974,1811,03/06/1969,08/31/1970
77349,215974,6612,12/14/1968,03/06/1969
77350,215974,1811,07/01/1959,12/14/1968
77351,293874,2757,12/01/1971,07/01/1973
77352,293874,7310,07/01/1969,12/01/1971
77353,293874,96,07/01/1955,07/01/1969
77354,94050,7311,03/01/1977,10/01/1977
77355,94050,7389,07/01/1975,03/01/1977
77356,94050,7049,07/01/1974,07/01/1975
77357,94050,5341,07/01/1973,07/01/1974
77358,94050,7049,07/01/1972,07/01/1973
77359,94050,115,07/01/1959,07/01/1972
77360,97069,632,07/01/1975,07/01/1978
77361,97069,169,07/01/1973,07/01/1975
77362,97069,13,07/01/1971,07/01/1973
77363,97069,127,07/01/1966,07/01/1971
77364,97069,169,07/01/1959,07/01/1966
77365,210492,103,07/01/1972,07/01/1981
77366,210492,170,07/01/1964,07/01/1972
77367,210492,3264,07/01/1960,07/01/1964
77368,317873,2635,07/01/1959,07/01/1972
77369,156122,459,07/01/1960,07/01/1977
77370,236057,333,07/01/1973,07/01/1974
77371,236057,1123,07/01/1972,07/01/1973
77372,236057,2484,07/01/1971,07/01/1972
77373,236057,148,01/01/1963,07/01/1971
77374,236057,333,07/01/1962,01/01/1963
77375,236057,148,11/01/1960,07/01/1962
77376,236057,3426,07/01/1960,11/01/1960
77377,236057,1621,07/01/1959,07/01/1960
77378,95102,6658,07/01/1981,07/01/1982
77379,95102,7266,07/01/1980,07/01/1981
77380,95102,7312,07/01/1977,07/01/1980
77381,95102,7313,07/01/1976,07/01/1977
77382,95102,4394,07/01/1973,07/01/1976
77383,95102,749,07/01/1969,07/01/1973
77384,95102,101,07/01/1968,07/01/1969
77385,95102,779,07/01/1962,07/01/1968
77386,243923,734,07/01/1982,07/01/1983
77387,243923,7390,01/01/1981,07/01/1982
77388,243923,1978,07/01/1980,01/01/1981
77389,243923,168,03/01/1979,07/01/1980
77390,243923,125,07/01/1978,03/01/1979
77391,243923,382,07/01/1976,07/01/1978
77392,243923,22,01/01/1968,07/01/1976
77393,243923,66,09/01/1962,01/01/1968
77394,234651,891,07/01/1968,01/01/1975
77395,234651,6836,07/01/1963,07/01/1968
77396,234651,7391,07/01/1962,07/01/1963
77397,145346,974,07/01/1976,07/01/1983
77398,145346,10,07/01/1969,07/01/1976
77399,145346,7392,07/01/1967,07/01/1969
77400,145346,1013,07/01/1966,07/01/1967
77401,145346,152,07/01/1964,07/01/1966
77402,135104,18,07/01/1967,07/01/1981
77403,135104,7314,07/01/1965,07/01/1967
77404,211537,335,07/01/1981,07/01/1982
77405,211537,7275,01/01/1981,07/01/1981
77406,211537,7267,01/01/1979,01/01/1981
77407,211537,7046,07/01/1978,01/01/1979
77408,211537,1092,07/01/1972,07/01/1978
77409,211537,4182,07/01/1966,07/01/1972
77410,215575,4182,01/01/1984,07/01/1988
77411,215575,7315,07/01/1983,01/01/1984
77412,215575,1547,01/01/1981,07/01/1983
77413,215575,7393,07/01/1979,01/01/1981
77414,215575,7046,07/01/1977,07/01/1979
77415,215575,4182,07/01/1965,07/01/1977
77416,143552,1529,07/01/1978,07/01/1979
77417,143552,148,07/01/1975,07/01/1978
77418,143552,697,07/01/1966,07/01/1975
77419,177239,334,10/01/1984,07/01/1985
77420,177239,7394,07/01/1984,10/01/1984
77421,177239,440,02/01/1984,07/01/1984
77422,177239,67,08/01/1982,02/01/1984
77423,177239,141,09/01/1979,08/01/1982
77424,177239,33,09/01/1978,09/01/1979
77425,177239,154,02/01/1971,09/01/1978
77426,177239,56,02/01/1966,02/01/1971
77427,213685,513,07/01/1965,07/01/1983
77428,146569,1025,01/01/1971,01/01/1983
77429,146569,7388,01/01/1970,01/01/1971
77430,146569,1025,01/01/1969,01/01/1970
77431,96215,474,07/01/1984,07/01/1985
77432,96215,3577,01/01/1984,07/01/1984
77433,96215,2124,07/01/1983,01/01/1984
77434,96215,96,07/01/1981,07/01/1983
77435,96215,281,07/01/1977,07/01/1981
77436,96215,171,06/30/1977,07/01/1977
77437,96215,1079,07/01/1976,06/30/1977
77438,96215,171,07/01/1975,07/01/1976
77439,96215,547,01/01/1969,07/01/1975
77440,122157,7395,07/01/1985,07/01/1988
77441,122157,2102,07/01/1973,07/01/1985
77442,122157,966,07/01/1967,07/01/1973
77443,176300,632,07/01/1981,06/01/1987
77444,176300,142,07/01/1980,07/01/1981
77445,176300,141,03/31/1980,07/01/1980
77446,176300,222,03/01/1980,03/31/1980
77447,176300,141,07/01/1978,03/01/1980
77448,176300,80,07/01/1972,07/01/1978
77449,176300,334,04/01/1971,07/01/1972
77450,176300,8,07/01/1969,04/01/1971
77451,176300,265,07/01/1966,07/01/1969
77452,169386,2004,07/01/1988,07/01/1990
77453,169386,2055,07/01/1983,07/01/1988
77454,169386,139,07/01/1981,07/01/1983
77455,169386,1092,01/01/1979,07/01/1981
77456,169386,7046,07/01/1978,01/01/1979
77457,169386,1092,07/01/1970,07/01/1978
77458,154232,106,07/01/1988,07/01/1991
77459,154232,119,07/01/1987,07/01/1988
77460,154232,370,01/01/1985,07/01/1987
77461,154232,1402,01/01/1984,01/01/1985
77462,154232,67,07/01/1983,01/01/1984
77463,154232,193,01/01/1979,07/01/1983
77464,154232,1497,07/01/1973,01/01/1979
77465,154232,4548,07/01/1970,07/01/1973
77466,154232,2052,07/01/1969,07/01/1970
77467,135092,17,07/01/1971,07/01/1988
77468,246158,256,07/01/1985,07/01/1986
77469,246158,26,07/01/1981,07/01/1985
77470,246158,455,07/01/1980,07/01/1981
77471,246158,6,01/01/1980,07/01/1980
77472,246158,68,07/01/1979,01/01/1980
77473,246158,6,07/01/1970,07/01/1979
77474,246158,267,07/01/1969,07/01/1970
77475,148720,661,07/01/1983,07/01/1986
77476,148720,53,07/01/1981,07/01/1983
77477,148720,974,07/01/1980,07/01/1981
77478,148720,43,07/01/1971,07/01/1980
77479,129232,7316,07/01/1988,01/01/1989
77480,129232,838,01/01/1987,07/01/1988
77481,129232,3710,01/01/1985,01/01/1987
77482,129232,529,01/01/1973,01/01/1985
77483,129232,1962,01/01/1971,01/01/1973
77484,132409,15,07/01/1986,07/01/1987
77485,132409,148,07/01/1981,07/01/1986
77486,132409,3264,06/30/1972,07/01/1981
77487,132409,7396,07/01/1971,06/30/1972
77488,241982,163,07/01/1981,07/01/1983
77489,241982,124,07/01/1978,07/01/1981
77490,241982,314,07/01/1972,07/01/1978
77491,241982,7397,07/01/1970,07/01/1972
77492,95890,5057,11/20/1991,12/10/1991
77493,95890,459,07/01/1988,07/01/1991
77494,95890,30,09/01/1981,07/01/1988
77495,95890,217,08/01/1981,09/01/1981
77496,95890,966,07/01/1972,08/01/1981
77497,95890,7317,07/01/1970,07/01/1972
77498,170689,742,11/22/1975,11/09/1990
77499,978207,7398,01/01/2022,07/01/2022
77500,978207,1847,07/01/2021,01/01/2022
77501,978207,7318,07/01/2019,07/01/2021
77502,978207,7399,01/01/2019,07/01/2019
77503,978207,7319,07/01/2017,01/01/2019
77504,978207,7320,01/01/2017,07/01/2017
77505,117604,17,07/01/1985,07/01/1988
77506,117604,292,07/01/1976,07/01/1985
77507,117604,7321,07/01/1974,07/01/1976
77508,117604,7322,07/01/1973,07/01/1974
77509,122140,178,01/01/1991,07/01/1993
77510,122140,348,07/01/1989,01/01/1991
77511,122140,513,07/01/1986,07/01/1989
77512,122140,2102,07/01/1974,07/01/1986
77513,116701,2662,07/01/1989,07/01/1990
77514,116701,7323,07/01/1988,07/01/1989
77515,116701,103,07/01/1986,07/01/1988
77516,116701,891,09/01/1977,07/01/1986
77517,116701,6836,07/01/1975,09/01/1977
77518,133255,2130,07/01/1990,07/01/1996
77519,133255,5386,07/01/1987,07/01/1990
77520,133255,57,07/01/1984,07/01/1987
77521,133255,96,07/14/1980,07/01/1984
77522,133255,19,07/01/1975,07/14/1980
77523,133255,227,07/01/1973,07/01/1975
77524,133255,309,07/01/1971,07/01/1973
77525,67096,271,01/01/1993,01/01/1994
77526,67096,271,01/01/1991,01/01/1992
77527,67096,767,07/25/1990,01/01/1991
77528,67096,271,01/01/1979,07/25/1990
77529,67096,4392,01/01/1977,01/01/1979
77530,149236,668,07/01/1993,07/01/1994
77531,149236,257,07/01/1992,07/01/1993
77532,149236,382,07/01/1990,07/01/1992
77533,149236,632,07/01/1986,07/01/1990
77534,149236,257,07/01/1977,07/01/1986
77535,101126,567,07/01/1998,07/01/2001
77536,101126,131,07/01/1983,07/01/1998
77537,101126,56,07/01/1981,07/01/1983
77538,101126,1002,07/01/1978,07/01/1981
77539,102297,279,07/01/1979,07/01/1998
77540,133417,96,07/01/1983,01/01/2000
77541,133417,1132,07/01/1980,07/01/1983
77542,101755,460,07/01/1999,07/01/2001
77543,101755,131,03/01/1996,07/01/1999
77544,101755,468,07/01/1988,03/01/1996
77545,101755,138,07/01/1981,07/01/1988
77546,101755,1389,07/01/1980,07/01/1981
77547,80706,7324,07/05/2006,07/01/2007
77548,80706,7325,03/10/2005,07/05/2006
77549,80706,6853,01/31/2001,07/01/2002
77550,80706,7326,01/30/2001,01/31/2001
77551,80706,1285,09/21/2000,01/30/2001
77552,80706,7326,08/16/1999,09/21/2000
77553,80706,6854,01/22/1999,08/16/1999
77554,80706,102,01/07/1997,01/22/1999
77555,80706,1547,07/24/1992,01/07/1997
77556,80706,608,07/01/1981,07/24/1992
77557,101127,195,02/28/1981,05/31/1997
77558,197200,2123,07/01/1995,07/01/1996
77559,197200,1050,07/01/1994,07/01/1995
77560,197200,6790,07/01/1993,07/01/1994
77561,197200,742,07/01/1991,07/01/1993
77562,197200,4665,07/01/1987,07/01/1991
77563,197200,5288,07/01/1984,07/01/1987
77564,101384,454,07/01/1994,07/01/1998
77565,101384,131,07/01/1988,07/01/1994
77566,101384,33,07/01/1981,07/01/1988
77567,102018,966,07/01/1998,07/01/2001
77568,102018,840,07/01/1996,07/01/1998
77569,102018,55,07/01/1995,07/01/1996
77570,102018,111,07/01/1994,07/01/1995
77571,102018,31,07/01/1992,07/01/1994
77572,102018,184,07/01/1989,07/01/1992
77573,102018,966,07/01/1982,07/01/1989
77574,102018,6436,07/01/1981,07/01/1982
77575,90976,995,10/18/1993,08/23/1994
77576,90976,124,07/29/1991,10/18/1993
77577,90976,39,07/01/1987,07/29/1991
77578,90976,964,07/01/1982,07/01/1987
77579,356,1696,07/01/2000,07/01/2001
77580,356,219,01/01/1998,07/01/2000
77581,356,195,07/01/1995,01/01/1998
77582,356,130,01/01/1990,07/01/1995
77583,356,3113,07/01/1983,01/01/1990
77584,91918,6223,01/01/2001,07/01/2001
77585,91918,7327,07/01/2000,01/01/2001
77586,91918,6223,07/01/1998,07/01/2000
77587,91918,891,01/01/1998,07/01/1998
77588,91918,536,07/01/1997,01/01/1998
77589,91918,779,07/01/1995,07/01/1997
77590,91918,632,06/30/1995,07/01/1995
77591,91918,891,01/01/1995,06/30/1995
77592,91918,632,01/01/1994,01/01/1995
77593,91918,68,06/30/1992,01/01/1994
77594,91918,891,01/01/1992,06/30/1992
77595,91918,68,12/31/1991,01/01/1992
77596,91918,7376,07/01/1991,12/31/1991
77597,91918,68,07/01/1990,07/01/1991
77598,91918,7323,07/01/1988,07/01/1990
77599,91918,7376,07/01/1983,07/01/1988
77600,96618,424,05/01/1998,01/01/2003
77601,96618,130,01/01/1998,05/01/1998
77602,96618,424,01/01/1991,01/01/1998
77603,96618,200,01/01/1990,01/01/1991
77604,96618,4343,01/01/1989,01/01/1990
77605,96618,7328,01/01/1987,01/01/1989
77606,9860,2011,01/01/2010,07/01/2010
77607,9860,909,07/01/2008,01/01/2010
77608,9860,456,01/01/2007,07/01/2008
77609,9860,92,07/01/2005,01/01/2007
77610,9860,44,07/01/2004,07/01/2005
77611,9860,279,01/01/1999,07/01/2004
77612,9860,2011,07/01/1993,01/01/1999
77613,3421,1676,07/01/2007,07/01/2008
77614,3421,779,07/01/2005,07/01/2007
77615,3421,766,07/01/2002,07/01/2005
77616,3421,123,07/01/2000,07/01/2002
77617,3421,20,07/01/1996,07/01/2000
77618,3421,766,01/01/1990,07/01/1996
77619,55690,7329,07/01/2016,07/01/2017
77620,55690,7330,07/01/2013,07/01/2016
77621,55690,7331,07/01/2012,07/01/2013
77622,55690,7332,07/01/2011,07/01/2012
77623,55690,7326,01/01/2009,07/01/2011
77624,55690,7333,07/01/2008,01/01/2009
77625,55690,7309,01/01/2008,07/01/2008
77626,55690,6352,07/01/2006,01/01/2008
77627,55690,7400,07/01/2005,07/01/2006
77628,55690,7334,07/01/2004,07/01/2005
77629,55690,7335,01/01/2003,07/01/2004
77630,55690,7336,07/01/2002,01/01/2003
77631,516,6609,07/29/2012,01/01/2014
77632,516,1317,02/03/2011,05/01/2011
77633,516,3552,07/23/2010,02/03/2011
77634,516,1090,12/02/2009,07/23/2010
77635,516,5758,07/22/2009,10/31/2009
77636,516,2669,03/16/2009,07/22/2009
77637,516,663,12/31/2008,01/01/2009
77638,516,1099,08/31/2008,12/31/2008
77639,516,663,02/25/2008,08/31/2008
77640,516,434,07/01/2007,02/25/2008
77641,516,184,06/30/2007,07/01/2007
77642,516,257,02/14/2007,06/30/2007
77643,516,184,08/31/2006,02/14/2007
77644,516,163,06/30/2006,08/31/2006
77645,516,115,01/24/2006,06/30/2006
77646,516,163,07/21/2005,01/24/2006
77647,516,101,07/01/2004,07/21/2005
77648,516,149,10/15/1998,07/01/2004
77649,516,553,01/01/1998,10/15/1998
77650,516,277,07/01/1996,01/01/1998
77651,516,361,07/01/1995,07/01/1996
77652,516,100,06/30/1995,07/01/1995
77653,516,587,09/01/1994,06/30/1995
77654,516,100,01/01/1993,09/01/1994
77655,618,95,01/01/2010,07/01/2010
77656,618,127,07/01/2007,01/01/2010
77657,618,219,07/01/2004,07/01/2007
77658,618,130,07/01/2001,07/01/2004
77659,618,329,07/01/1997,07/01/2001
77660,618,2001,07/01/1996,07/01/1997
77661,6569,163,07/31/2009,05/18/2011
77662,6569,55,07/01/2006,07/31/2009
77663,6569,190,01/24/2002,07/01/2006
77664,6569,163,07/01/1997,01/24/2002
77665,9841,240,09/11/2009,07/01/2013
77666,9841,20,07/01/2006,09/11/2009
77667,9841,446,07/01/2005,07/01/2006
77668,9841,6,07/01/2004,07/01/2005
77669,9841,240,01/12/2001,07/01/2004
77670,9841,1414,07/01/1998,01/12/2001
77671,77211,7337,07/01/2015,08/23/2016
77672,77211,3054,02/22/2015,07/01/2015
77673,77211,601,09/01/2013,01/01/2014
77674,77211,534,01/01/2013,09/01/2013
77675,77211,666,07/01/2011,01/01/2013
77676,77211,599,12/31/2008,07/01/2011
77677,77211,718,07/01/2008,12/31/2008
77678,77211,599,07/01/2006,07/01/2008
77679,77211,2885,07/01/2004,07/01/2006
77680,77211,7337,06/30/2004,07/01/2004
77681,77211,892,07/01/2003,06/30/2004
77682,77211,7337,07/01/2001,07/01/2003
77683,77211,7338,07/01/1999,07/01/2001
77684,79806,372,07/08/1994,03/29/1995
77685,79806,355,02/02/1994,07/08/1994
77686,79806,66,10/01/1993,02/02/1994
77687,79806,16,12/15/1989,10/01/1993
77688,79806,80,02/09/1989,12/15/1989
77689,79806,33,12/22/1982,02/09/1989
77690,79806,104,07/01/1974,12/22/1982
77691,104109,52,07/01/1993,07/01/1995
77692,104109,12,07/01/1975,07/01/1993
77693,3950,355,01/12/2017,08/26/2018
77694,3950,618,01/21/2016,07/06/2016
77695,3950,53,07/01/2011,08/27/2015
77696,3950,37,01/30/2009,07/01/2011
77697,3950,104,07/01/1999,01/30/2009
77698,3459,142,07/01/2008,07/01/2010
77699,3459,104,05/01/2008,07/01/2008
77700,3459,142,01/01/2008,05/01/2008
77701,3459,104,07/01/2004,01/01/2008
77702,3459,37,02/06/1998,07/01/2004
77703,3459,33,07/01/1996,02/06/1998
77704,3459,52,07/01/1988,07/01/1996
77705,39910,103,07/11/2011,01/13/2021
77706,39910,14,06/30/2006,07/11/2011
77707,39910,1959,07/02/2005,06/30/2006
77708,39910,14,07/01/2005,07/02/2005
77709,39910,362,07/01/2004,07/01/2005
77710,3460,641,07/01/2011,07/01/2012
77711,3460,147,07/01/2010,07/01/2011
77712,3460,88,01/01/2010,07/01/2010
77713,3460,1417,01/01/2009,01/01/2010
77714,3460,763,07/01/2008,01/01/2009
77715,3460,53,08/01/2007,07/01/2008
77716,3460,37,01/01/2006,08/01/2007
77717,3460,46,01/01/2004,01/01/2006
77718,3460,37,07/01/1998,01/01/2004
77719,3460,41,01/01/1997,07/01/1998
77720,3460,1484,12/01/1993,01/01/1997
77721,3460,2312,01/01/1993,12/01/1993
77722,3460,1484,01/01/1992,01/01/1993
77723,3361,22,07/01/2001,07/01/2004
77724,3361,7,07/01/1997,07/01/2001
77725,3361,102,07/01/1990,07/01/1997
77726,3361,29,07/01/1989,07/01/1990
77727,3361,1964,07/01/1988,07/01/1989
77728,10032,162,07/01/2002,12/10/2003
77729,10032,11,07/01/2000,07/01/2002
77730,10032,162,07/26/1996,07/01/2000
77731,10032,52,07/02/1990,07/26/1996
77732,10032,88,08/15/1985,07/02/1990
77733,55089,286,07/01/2014,
77734,55089,474,07/01/2009,07/01/2014
77735,55089,2591,07/01/2007,07/01/2009
77736,55089,2567,07/01/2005,07/01/2007
77737,55089,2886,07/01/2000,07/01/2005
77738,102023,7339,07/01/2002,07/01/2003
77739,102023,66,01/12/2001,07/01/2002
77740,102023,342,08/02/2000,01/12/2001
77741,102023,7,11/18/1995,08/02/2000
77742,102023,166,08/06/1994,11/18/1995
77743,102023,21,07/01/1993,08/06/1994
77744,102023,246,07/01/1991,07/01/1993
77745,102023,966,06/30/1987,07/01/1991
77746,102023,7340,08/01/1986,06/30/1987
77747,102023,966,07/01/1986,08/01/1986
77748,8559,162,02/13/2017,04/05/2017
77749,8559,473,08/31/2015,07/01/2016
77750,8559,189,02/02/2015,08/31/2015
77751,8559,475,01/24/2014,05/01/2014
77752,8559,2645,07/01/2012,01/24/2014
77753,8559,95,08/31/2011,07/01/2012
77754,8559,33,06/30/2011,08/31/2011
77755,8559,88,01/13/2011,06/30/2011
77756,8559,33,08/30/2007,01/13/2011
77757,8559,73,07/01/2005,08/30/2007
77758,8559,120,07/01/2003,07/01/2005
77759,8559,733,06/30/2003,07/01/2003
77760,8559,120,01/06/2003,06/30/2003
77761,8559,733,06/30/2000,01/06/2003
77762,8559,7165,08/01/1999,06/30/2000
77763,8559,733,07/01/1999,08/01/1999
77764,8559,2273,07/01/1998,07/01/1999
77765,3634,222,07/01/2013,08/27/2015
77766,3634,189,08/01/2010,07/01/2013
77767,3634,498,03/01/2009,08/01/2010
77768,3634,174,12/01/2008,03/01/2009
77769,3634,56,08/01/2007,07/01/2008
77770,3634,172,07/01/2004,08/01/2007
77771,3634,52,07/01/1995,07/01/2004
77772,3877,193,07/10/2011,07/01/2012
77773,3877,141,07/08/2009,07/10/2011
77774,3877,53,05/31/2009,07/08/2009
77775,3877,141,01/09/2009,05/31/2009
77776,3877,53,07/01/2006,01/09/2009
77777,3877,37,07/01/2003,07/01/2006
77778,3877,53,01/11/2003,07/01/2003
77779,3877,52,07/01/1996,01/11/2003
77780,3877,151,07/01/1994,07/01/1996
77781,19112,479,07/01/2021,01/01/2023
77782,19112,652,07/05/2019,07/01/2021
77783,19112,127,07/01/2010,07/05/2019
77784,19112,182,08/11/2008,07/01/2010
77785,19112,127,06/30/2008,08/11/2008
77786,19112,182,07/18/2007,06/30/2008
77787,19112,127,07/01/2005,07/18/2007
77788,19112,818,07/01/2004,07/01/2005
77789,19112,803,07/01/2002,07/01/2004
77790,19112,851,07/01/2000,07/01/2002
77791,19112,847,07/01/1999,07/01/2000
77792,19112,7341,07/01/1998,07/01/1999
77793,48298,432,07/01/2023,07/01/2024
77794,48298,146,07/01/2015,07/01/2023
77795,48298,217,07/01/2010,07/01/2015
77796,48298,432,07/01/2007,07/01/2010
77797,48298,2106,07/01/2005,07/01/2007
77798,48298,2022,07/01/2003,07/01/2005
77799,48298,6717,07/01/2000,07/01/2003
77800,38410,3369,02/01/2024,07/01/2024
77801,38410,389,07/01/2020,07/01/2023
77802,38410,101,01/25/2017,07/01/2020
77803,38410,182,07/01/2013,01/25/2017
77804,38410,474,01/01/2010,07/01/2013
77805,38410,3520,07/01/2007,01/01/2010
77806,38410,2591,07/01/2005,07/01/2007
77807,38410,7342,07/01/2003,07/01/2005
77808,38410,5094,07/01/2001,07/01/2003
77809,3473,1037,08/20/2015,07/24/2017
77810,3473,71,07/30/2008,07/01/2015
77811,3473,46,07/01/2003,07/30/2008
77812,3473,56,07/01/1998,07/01/2003
77813,3473,438,06/30/1998,07/01/1998
77814,3473,7343,07/01/1997,06/30/1998
77815,3473,438,06/30/1996,07/01/1997
77816,3473,589,01/01/1996,06/30/1996
77817,3473,438,07/01/1994,01/01/1996
77818,9354,2321,01/28/2021,07/01/2021
77819,9354,7344,07/01/2019,07/01/2020
77820,9354,115,09/13/2017,07/01/2018
77821,9354,928,02/01/2017,07/01/2017
77822,9354,7345,07/08/2016,02/01/2017
77823,9354,1688,07/01/2015,07/08/2016
77824,9354,286,07/12/2006,07/01/2015
77825,9354,219,07/01/2004,07/12/2006
77826,9354,1696,07/01/2003,07/01/2004
77827,9354,3692,01/01/2001,07/01/2003
77828,9354,3693,07/01/2000,01/01/2001
77829,9354,6697,07/01/1999,07/01/2000
77830,60632,1676,07/01/2021,07/01/2023
77831,60632,149,07/01/2012,07/01/2021
77832,60632,1676,09/16/2008,07/01/2012
77833,60632,766,09/25/2007,09/16/2008
77834,60632,6120,12/31/2005,09/25/2007
77835,60632,7346,07/02/2005,12/31/2005
77836,60632,6120,07/01/2005,07/02/2005
77837,81460,507,08/06/2021,07/01/2023
77838,81460,442,01/30/2020,08/06/2021
77839,81460,357,07/01/2018,01/30/2020
77840,81460,205,07/19/2017,07/01/2018
77841,81460,103,07/21/2015,07/19/2017
77842,81460,85,01/20/2012,07/21/2015
77843,81460,611,07/01/2009,01/20/2012
77844,81460,123,07/01/2008,07/01/2009
77845,81460,1300,07/01/2007,07/01/2008
77846,109504,561,07/01/1991,11/01/2000
77847,109504,521,07/01/1982,07/01/1991
77848,3242,37,07/01/2007,07/01/2009
77849,3242,73,07/01/2004,07/01/2007
77850,3242,52,07/01/2000,07/01/2004
77851,3242,195,07/01/1998,07/01/2000
77852,3242,1015,07/01/1995,07/01/1998
77853,3242,3288,07/01/1993,07/01/1995
77854,22165,46,07/30/2011,07/01/2016
77855,22165,136,02/02/2009,07/30/2011
77856,22165,37,08/03/2004,02/02/2009
77857,22165,301,07/01/2003,08/03/2004
77858,6237,130,07/01/2006,07/01/2018
77859,6237,259,07/01/2002,07/01/2006
77860,6237,2949,07/01/2001,07/01/2002
77861,6237,7057,07/01/1999,07/01/2001
77862,719927,7347,07/01/2022,
77863,719927,7401,06/30/2021,07/01/2022
77864,719927,7348,08/01/2020,06/30/2021
77865,719927,7401,07/01/2019,08/01/2020
77866,719927,7402,07/01/2018,07/01/2019
77867,719927,7403,07/01/2015,07/01/2018
77868,18909,44,08/10/2018,07/01/2022
77869,18909,357,08/03/2015,08/10/2018
77870,18909,217,08/22/2014,08/03/2015
77871,18909,62,07/01/2010,08/22/2014
77872,18909,110,07/01/2003,07/01/2010
77873,18909,802,07/01/2002,07/01/2003
77874,18909,1934,07/01/2001,07/01/2002
77875,36182,7349,04/19/2024,
77876,36182,629,07/01/2023,11/24/2023
77877,36182,182,01/30/2022,11/28/2022
77878,36182,652,08/06/2020,01/30/2022
77879,36182,124,07/03/2019,08/06/2020
77880,36182,149,08/02/2016,07/03/2019
77881,36182,182,07/01/2015,08/02/2016
77882,36182,146,07/01/2013,07/01/2015
77883,36182,474,07/01/2012,07/01/2013
77884,36182,515,07/01/2009,07/01/2012
77885,36182,149,07/01/2007,07/01/2009
77886,36182,4522,01/01/2006,07/01/2007
77887,36182,7350,07/01/2005,01/01/2006
77888,36182,7351,07/01/2003,07/01/2005
77889,36182,7352,07/01/1998,07/01/2003
77890,3146,71,07/10/2015,07/01/2017
77891,3146,46,02/28/2014,07/10/2015
77892,3146,73,11/28/2013,02/28/2014
77893,3146,46,07/19/2011,11/28/2013
77894,3146,16,02/01/2009,07/19/2011
77895,3146,37,07/01/1997,02/01/2009
77896,3146,95,05/31/1996,07/01/1997
77897,3146,56,01/19/1996,05/31/1996
77898,3146,95,09/04/1995,01/19/1996
77899,3146,415,08/04/1995,09/04/1995
77900,3146,95,08/08/1994,08/04/1995
77901,3146,195,07/01/1993,08/08/1994
77902,3123,141,07/01/2004,07/01/2006
77903,3123,88,07/01/1996,07/01/2004
77904,3123,7,07/01/1993,07/01/1996
77905,28328,192,08/10/2018,07/01/2019
77906,28328,333,07/01/2014,08/10/2018
77907,28328,110,07/01/2011,07/01/2014
77908,28328,235,07/01/2008,07/01/2011
77909,28328,303,07/01/2005,07/01/2008
77910,28328,952,07/01/2004,07/01/2005
77911,28328,3156,07/01/2003,07/01/2004
77912,3692,1606,08/31/2017,01/17/2018
77913,3692,136,08/11/2015,08/31/2017
77914,3692,53,07/01/2012,08/11/2015
77915,3692,104,11/01/1997,07/01/2012
77916,3692,7353,01/01/1996,11/01/1997
77917,3692,7354,01/01/1992,01/01/1996
77918,113707,85,07/10/2022,
77919,113707,187,04/06/2022,07/10/2022
77920,113707,980,07/26/2019,04/06/2022
77921,113707,103,08/16/2018,07/26/2019
77922,113707,13,06/30/2018,08/16/2018
77923,113707,103,08/31/2017,06/30/2018
77924,113707,13,07/05/2016,08/31/2017
77925,113707,37,06/30/2016,07/05/2016
77926,113707,13,08/19/2015,06/30/2016
77927,113707,37,07/13/2014,08/19/2015
77928,113707,187,06/30/2011,07/13/2014
77929,113707,731,07/12/2010,06/30/2011
77930,113707,187,07/01/2009,07/12/2010
77931,78082,1840,09/02/2022,07/01/2023
77932,78082,599,09/16/2021,09/02/2022
77933,78082,2658,07/09/2019,09/16/2021
77934,78082,2076,09/18/2018,07/09/2019
77935,78082,1385,06/30/2018,09/18/2018
77936,78082,381,01/13/2018,06/30/2018
77937,78082,1385,06/30/2017,01/13/2018
77938,78082,205,01/04/2017,06/30/2017
77939,78082,1385,07/01/2016,01/04/2017
77940,78082,44,06/30/2010,07/01/2016
77941,78082,235,07/20/2009,06/30/2010
77942,78082,44,06/30/2009,07/20/2009
77943,78082,399,07/04/2008,06/30/2009
77944,78082,44,07/01/2008,07/04/2008
77945,78082,625,07/01/2006,07/01/2008
77946,31835,53,11/17/2006,07/01/2022
77947,31835,193,08/18/2006,11/17/2006
77948,31835,53,03/20/2006,08/18/2006
77949,31835,147,02/06/2006,03/20/2006
77950,31835,53,01/01/2005,02/06/2006
77951,103565,187,07/01/2022,
77952,103565,103,07/17/2018,07/01/2022
77953,103565,56,06/30/2018,07/17/2018
77954,103565,110,08/31/2017,06/30/2018
77955,103565,56,01/30/2016,08/31/2017
77956,103565,44,07/01/2014,01/30/2016
77957,103565,290,07/01/2009,07/01/2014
77958,103565,2499,02/20/2009,07/01/2009
77959,22628,82,07/31/2023,07/01/2024
77960,22628,85,01/26/2023,07/31/2023
77961,22628,192,07/15/2022,01/26/2023
77962,22628,44,07/01/2017,07/15/2022
77963,22628,110,07/01/2011,07/01/2017
77964,22628,669,07/01/2009,07/01/2011
77965,22628,333,06/30/2009,07/01/2009
77966,22628,1879,07/01/2008,06/30/2009
77967,22628,333,07/01/2005,07/01/2008
77968,77826,3606,09/10/2024,
77969,77826,3283,09/07/2023,09/10/2024
77970,77826,601,09/08/2022,09/07/2023
77971,77826,103,07/27/2019,09/08/2022
77972,77826,68,06/30/2019,07/27/2019
77973,77826,65,01/31/2019,06/30/2019
77974,77826,68,08/09/2017,01/31/2019
77975,77826,187,07/07/2015,08/09/2017
77976,77826,290,09/02/2013,07/07/2015
77977,77826,214,07/01/2008,09/02/2013
77978,77826,1227,07/01/2006,07/01/2008
77979,27577,810,02/28/2014,08/29/2018
77980,27577,47,01/01/2014,02/28/2014
77981,27577,810,08/03/2013,01/01/2014
77982,27577,22,08/31/2012,08/03/2013
77983,27577,47,01/11/2007,08/31/2012
77984,27577,938,01/16/2004,01/11/2007
77985,27577,7355,08/01/2001,01/16/2004
77986,85352,687,08/01/2023,07/01/2024
77987,85352,531,07/28/2022,08/01/2023
77988,85352,314,02/01/2021,07/28/2022
77989,85352,182,06/30/2020,02/01/2021
77990,85352,652,01/17/2020,06/30/2020
77991,85352,182,01/05/2017,01/17/2020
77992,85352,91,07/01/2011,01/05/2017
77993,85352,1632,07/01/2009,07/01/2011
77994,85352,3193,07/01/2007,07/01/2009
77995,107792,269,03/22/2001,07/01/2001
77996,107792,734,11/01/2000,03/22/2001
77997,107792,125,09/11/2000,11/01/2000
77998,107792,88,12/24/1997,09/11/2000
77999,107792,141,11/12/1997,12/24/1997
78000,107792,88,08/12/1997,11/12/1997
78001,107792,5509,10/17/1996,08/12/1997
78002,107792,53,09/07/1994,10/17/1996
78003,107792,33,08/02/1988,09/07/1994
78004,107792,53,07/01/1983,08/02/1988
78005,1784,91,07/01/2017,07/01/2019
78006,1784,115,07/01/2012,07/01/2017
78007,1784,130,07/01/2003,07/01/2012
78008,1784,1362,07/01/2002,07/01/2003
78009,1784,1175,07/01/2000,07/01/2002
78010,9218,415,08/22/2017,07/01/2019
78011,9218,544,08/01/2016,08/22/2017
78012,9218,173,07/04/2014,08/01/2016
78013,9218,53,07/23/2011,07/04/2014
78014,9218,104,01/17/2008,07/23/2011
78015,9218,120,07/01/2002,01/17/2008
78016,9218,334,07/01/1999,07/01/2002
78017,4114,181,07/10/2013,07/01/2015
78018,4114,104,07/23/2003,07/10/2013
78019,4114,66,11/11/2002,07/23/2003
78020,4114,269,09/13/2002,11/11/2002
78021,4114,66,08/17/1999,09/13/2002
78022,4114,95,07/01/1998,08/17/1999
78023,4114,66,07/01/1997,07/01/1998
78024,4114,635,07/01/1994,07/01/1997
78025,1565,1133,09/20/2019,01/16/2020
78026,1565,515,01/06/2019,07/01/2019
78027,1565,167,07/01/2005,07/01/2018
78028,1565,115,06/30/2005,07/01/2005
78029,1565,167,07/01/2004,06/30/2005
78030,1565,115,07/01/2003,07/01/2004
78031,1565,515,07/01/2002,07/01/2003
78032,1565,4675,07/01/2001,07/01/2002
78033,1565,1819,07/01/2000,07/01/2001
78034,4175,692,07/01/2006,08/01/2007
78035,4175,53,07/01/2005,07/01/2006
78036,4175,120,07/01/2002,07/01/2005
78037,4175,53,07/01/1998,07/01/2002
78038,4175,37,08/01/1995,07/01/1998
78039,4175,189,09/01/1992,08/01/1995
78040,4175,7356,07/01/1987,09/01/1992
78041,31159,7357,10/05/2020,
78042,31159,149,06/30/2020,10/05/2020
78043,31159,115,09/02/2019,06/30/2020
78044,31159,149,07/01/2018,09/02/2019
78045,31159,217,07/18/2016,07/01/2018
78046,31159,127,07/01/2010,07/18/2016
78047,31159,149,06/30/2010,07/01/2010
78048,31159,392,08/30/2009,06/30/2010
78049,31159,149,07/01/2007,08/30/2009
78050,31159,1887,01/01/2006,07/01/2007
78051,31159,7350,07/01/2004,01/01/2006
78052,31159,7351,07/01/2002,07/01/2004
78053,3880,334,07/26/2007,07/01/2008
78054,3880,162,11/24/2005,07/26/2007
78055,3880,269,08/05/2005,11/24/2005
78056,3880,53,08/30/2001,08/05/2005
78057,3880,56,07/14/2000,08/30/2001
78058,3880,33,02/26/1998,07/14/2000
78059,3880,142,01/10/1996,02/26/1998
78060,3880,53,08/30/1994,01/10/1996
78061,3880,11,11/27/1990,08/30/1994
78062,3880,641,03/20/1990,11/27/1990
78063,3860,1732,05/16/2014,07/01/2014
78064,3860,2796,03/20/2013,05/16/2014
78065,3860,162,01/14/2012,07/01/2012
78066,3860,120,07/01/2007,01/14/2012
78067,3860,151,03/27/2003,07/01/2007
78068,3860,193,08/18/2000,03/27/2003
78069,3860,561,10/12/1999,08/18/2000
78070,3860,347,09/22/1998,10/12/1999
78071,3860,118,07/31/1997,09/22/1998
78072,3860,2796,10/19/1993,07/31/1997
78073,46580,286,07/01/2016,
78074,46580,88,06/30/2016,07/01/2016
78075,46580,286,01/20/2016,06/30/2016
78076,46580,88,01/16/2015,01/20/2016
78077,46580,403,08/30/2013,01/16/2015
78078,46580,225,06/30/2013,08/30/2013
78079,46580,839,02/10/2012,06/30/2013
78080,46580,225,07/01/2009,02/10/2012
78081,46580,1094,07/01/2008,07/01/2009
78082,46580,848,07/01/2006,07/01/2008
78083,4243,320,07/30/2015,01/12/2016
78084,4243,95,01/17/2007,07/30/2015
78085,4243,141,07/07/2003,01/17/2007
78086,4243,95,07/01/1998,07/07/2003
78087,174094,90,07/01/2024,
78088,174094,46,06/30/2024,07/01/2024
78089,174094,90,07/24/2023,06/30/2024
78090,174094,46,06/30/2023,07/24/2023
78091,174094,169,01/23/2023,06/30/2023
78092,174094,46,01/26/2021,01/23/2023
78093,174094,13,01/17/2017,01/26/2021
78094,174094,187,07/01/2013,01/17/2017
78095,174094,2529,07/01/2012,07/01/2013
78096,174094,7404,07/01/2011,07/01/2012
78097,2953,7358,01/25/2019,07/01/2019
78098,2953,115,06/30/2013,08/23/2013
78099,2953,136,01/31/2013,06/30/2013
78100,2953,115,08/10/2012,01/31/2013
78101,2953,75,08/29/2010,08/10/2012
78102,2953,136,01/01/2006,08/29/2010
78103,2953,879,08/31/2004,01/01/2006
78104,2953,6854,01/18/2004,08/31/2004
78105,2953,536,10/31/2001,01/18/2004
78106,2953,7405,07/01/2001,10/31/2001
78107,2953,536,07/01/1998,07/01/2001
78108,2953,3235,07/01/1997,07/01/1998
78109,2953,3218,07/15/1996,07/01/1997
78110,2953,7406,07/01/1995,07/15/1996
78111,2953,7407,07/01/1994,07/01/1995
78112,2953,7408,07/07/1993,07/01/1994
78113,16624,7359,01/30/2018,
78114,16624,115,08/27/2008,07/07/2015
78115,16624,27,07/01/2007,08/27/2008
78116,16624,146,01/01/2005,07/01/2007
78117,16624,1638,07/01/2003,01/01/2005
78118,16624,1632,07/01/2002,07/01/2003
78119,16624,3193,07/01/2000,07/01/2002
78120,16624,1948,07/01/1993,07/01/2000
78121,4135,162,07/05/2012,12/08/2012
78122,4135,147,11/29/2011,07/05/2012
78123,4135,154,08/02/2011,11/29/2011
78124,4135,147,05/31/2011,08/02/2011
78125,4135,297,01/01/2011,05/31/2011
78126,4135,147,01/15/2009,01/01/2011
78127,4135,136,08/31/2006,01/15/2009
78128,4135,33,07/01/2003,08/31/2006
78129,4135,56,12/01/1999,07/01/2003
78130,4135,75,07/01/1997,12/01/1999
78131,4135,181,07/01/1995,07/01/1997
78132,42783,7360,08/08/2024,
78133,42783,2822,04/01/2024,08/08/2024
78134,42783,389,07/01/2018,07/01/2023
78135,42783,115,07/01/2017,07/01/2018
78136,42783,146,07/01/2014,07/01/2017
78137,42783,389,01/18/2013,07/01/2014
78138,42783,651,07/01/2011,01/18/2013
78139,42783,2069,01/01/2011,07/01/2011
78140,42783,3552,07/01/2010,01/01/2011
78141,42783,1815,07/01/2009,07/01/2010
78142,42783,1819,07/01/2008,07/01/2009
78143,42783,7361,01/01/2008,07/01/2008
78144,42783,7362,07/01/2007,01/01/2008
78145,42783,7363,07/01/2005,07/01/2007
78146,42783,7364,07/01/2003,07/01/2005
78147,98349,399,07/01/2022,08/07/2023
78148,98349,103,07/19/2012,07/01/2022
78149,98349,333,07/01/2010,07/19/2012
78150,98349,450,07/01/2009,07/01/2010
78151,98349,7365,07/01/2005,07/01/2009
78152,104904,75,07/01/2000,07/01/2002
78153,104904,22,10/06/1995,07/01/2000
78154,104904,37,02/02/1994,10/06/1995
78155,104904,125,07/01/1986,02/02/1994
78156,187492,30,07/01/2019,
78157,187492,130,01/01/2014,07/01/2019
78158,187492,7366,07/01/2012,01/01/2014
78159,187492,7367,07/01/2011,07/01/2012
78160,187492,7368,07/01/2009,07/01/2011
78161,79642,430,08/19/2022,07/01/2024
78162,79642,557,08/31/2021,08/19/2022
78163,79642,510,09/04/2019,08/31/2021
78164,79642,155,07/30/2019,09/04/2019
78165,79642,88,07/01/2015,07/30/2019
78166,79642,91,07/01/2013,07/01/2015
78167,79642,127,01/30/2011,07/01/2013
78168,79642,1343,02/01/2005,01/30/2011
